{"cameraMode":{"drawMode":0,"name":"Shaded","section":"Shading Mode"},"sceneLighting":true,"audioPlay":false,"sceneViewState":{"m_AlwaysRefresh":false,"showFog":true,"showSkybox":true,"showFlares":true,"showImageEffects":true,"showParticleSystems":true,"showVisualEffectGraphs":true,"m_FxEnabled":true},"in2DMode":false,"pivot":{"x":-2.1629672050476076,"y":-1.8262537717819214,"z":-1.4178056716918946},"rotation":{"x":-0.008323385380208493,"y":0.9913539290428162,"z":-0.10447639226913452,"w":-0.07897929102182388},"size":5.498508930206299,"orthographic":false}